Filter,Speedup_Factor
Blur,0.9832661231455018
Comic,5.056022571870571
Edge,0.9905437890552572
Grayscale,0.9911051151304507
Pixelation,0.9921230970698969
