Filter,Speedup_Factor
Blur,0.9892095840826678
Comic,4.996309606519084
Edge,0.9861874029899519
Grayscale,0.9925609416695316
Pixelation,0.9961871093584084
