ExecutionMode,HasTransform,FPS,FrameTime_ms
CPU,No,27.469583333333333,45.26647333333334
GPU,No,30.30438666666667,32.99970666666666
