ExecutionMode,HasTransform,FPS,FrameTime_ms
CPU,No,25.678214000000004,59.46798000000001
CPU,Yes,25.693706,59.461850000000005
GPU,No,30.256,33.05228
GPU,Yes,30.34638,32.95454
