ExecutionMode,HasTransform,FPS,FrameTime_ms
CPU,No,27.93660277777778,43.22787222222222
GPU,No,30.230838888888886,33.08082777777778
