Resolution,Mode,FPS
307200,GPU,30.2019
921600,GPU,30.28355
2073600,GPU,30.207066666666666
307200,CPU,30.142216666666666
921600,CPU,27.244433333333333
2073600,CPU,26.423158333333333
