Resolution,Mode,FPS
307200,GPU,30.29124
921600,GPU,30.36536
2073600,GPU,30.25656
307200,CPU,30.150740000000003
921600,CPU,26.63968
2073600,CPU,25.618329999999997
