ExecutionMode,No,Yes
CPU,26.610161666666666,26.515825833333334
GPU,30.26223333333333,30.36095
