ExecutionMode,No,Yes
CPU,26.552751666666666,26.571280833333333
GPU,30.329716666666666,30.42918333333333
