ExecutionMode,No,Yes
CPU,25.678214000000004,25.693706
GPU,30.256,30.34638
